run_id,seed,optimizer,init_scale,operation,mse,epochs
7,46231,adam,0.0,add,1.9408267662477077e-25,1
7,46231,adam,0.0,subtract,2.7295701077093e-25,1
7,46231,adam,0.0,multiply,5.917893879578709e-16,1
7,46231,adam,0.0,divide,1.8542548481681325e-28,1
7,46231,adam,0.0,identity,8.636981938621026e-24,1
7,46231,adam,0.0,reciprocal,7.894381530163388e-34,1
7,46231,adam,0.0,cos,9.142901021147687e-36,1
7,46231,adam,0.0,sin,9.078954128462954e-36,1
7,46231,adam,0.0,cos_add,3.690669699458268e-26,1
7,46231,adam,0.0,sin_add,3.716490942956583e-26,1
7,46231,adam,0.0,cos_sub,5.498914816093659e-26,1
7,46231,adam,0.0,sin_sub,5.66284491358216e-26,1
7,46231,adam,0.01,add,1.9408267662477077e-25,1
7,46231,adam,0.01,subtract,2.7295701077093e-25,1
7,46231,adam,0.01,multiply,5.917893879578709e-16,1
7,46231,adam,0.01,divide,1.8542548481681325e-28,1
7,46231,adam,0.01,identity,8.636981938621026e-24,1
7,46231,adam,0.01,reciprocal,7.894381530163388e-34,1
7,46231,adam,0.01,cos,9.142901021147687e-36,1
7,46231,adam,0.01,sin,9.078954128462954e-36,1
7,46231,adam,0.01,cos_add,3.690669699458268e-26,1
7,46231,adam,0.01,sin_add,3.716490942956583e-26,1
7,46231,adam,0.01,cos_sub,5.498914816093659e-26,1
7,46231,adam,0.01,sin_sub,5.66284491358216e-26,1
7,46231,adam,0.1,add,1.9408267662477077e-25,1
7,46231,adam,0.1,subtract,2.7295701077093e-25,1
7,46231,adam,0.1,multiply,5.917893879578709e-16,1
7,46231,adam,0.1,divide,1.8542548481681325e-28,1
7,46231,adam,0.1,identity,8.636981938621026e-24,1
7,46231,adam,0.1,reciprocal,7.894381530163388e-34,1
7,46231,adam,0.1,cos,9.142901021147687e-36,1
7,46231,adam,0.1,sin,9.078954128462954e-36,1
7,46231,adam,0.1,cos_add,3.690669699458268e-26,1
7,46231,adam,0.1,sin_add,3.716490942956583e-26,1
7,46231,adam,0.1,cos_sub,5.498914816093659e-26,1
7,46231,adam,0.1,sin_sub,5.66284491358216e-26,1
7,46231,adam,1.0,add,1.9408267662477077e-25,100
7,46231,adam,1.0,subtract,2.7295701077093e-25,100
7,46231,adam,1.0,multiply,5.917893879578709e-16,100
7,46231,adam,1.0,divide,8598286.584318131,100
7,46231,adam,1.0,identity,8.636981938621026e-24,100
7,46231,adam,1.0,reciprocal,7.894381530163388e-34,100
7,46231,adam,1.0,cos,9.142901021147687e-36,100
7,46231,adam,1.0,sin,9.078954128462954e-36,100
7,46231,adam,1.0,cos_add,3.690669699458268e-26,100
7,46231,adam,1.0,sin_add,3.716490942956583e-26,100
7,46231,adam,1.0,cos_sub,5.498914816093659e-26,100
7,46231,adam,1.0,sin_sub,5.66284491358216e-26,100
7,46231,adam,3.0,add,1.9408267662477077e-25,100
7,46231,adam,3.0,subtract,2.7295701077093e-25,100
7,46231,adam,3.0,multiply,5.917893879578709e-16,100
7,46231,adam,3.0,divide,745.4379532177339,100
7,46231,adam,3.0,identity,8.636981938621026e-24,100
7,46231,adam,3.0,reciprocal,1.0128645422909492,100
7,46231,adam,3.0,cos,9.142901021147687e-36,100
7,46231,adam,3.0,sin,9.078954128462954e-36,100
7,46231,adam,3.0,cos_add,3.690669699458268e-26,100
7,46231,adam,3.0,sin_add,3.716490942956583e-26,100
7,46231,adam,3.0,cos_sub,5.498914816093659e-26,100
7,46231,adam,3.0,sin_sub,5.66284491358216e-26,100
1,69163,adam,0.0,add,1.9672536880111612e-25,1
1,69163,adam,0.0,subtract,2.8947057621266994e-25,1
1,69163,adam,0.0,multiply,5.909138035899938e-16,1
1,69163,adam,0.0,divide,1.6541427129624132e-28,1
1,69163,adam,0.0,identity,8.704327013262799e-24,1
1,69163,adam,0.0,reciprocal,2.472712626221717e-34,1
1,69163,adam,0.0,cos,5.9252585382082405e-36,1
1,69163,adam,0.0,sin,7.165073001171647e-36,1
1,69163,adam,0.0,cos_add,3.633405311801022e-26,1
1,69163,adam,0.0,sin_add,3.747892243631586e-26,1
1,69163,adam,0.0,cos_sub,5.979471680097093e-26,1
1,69163,adam,0.0,sin_sub,5.917711265656527e-26,1
1,69163,adam,0.01,add,1.9672536880111612e-25,1
1,69163,adam,0.01,subtract,2.8947057621266994e-25,1
1,69163,adam,0.01,multiply,5.909138035899938e-16,1
1,69163,adam,0.01,divide,1.6541427129624132e-28,1
1,69163,adam,0.01,identity,8.704327013262799e-24,1
1,69163,adam,0.01,reciprocal,2.472712626221717e-34,1
1,69163,adam,0.01,cos,5.9252585382082405e-36,1
1,69163,adam,0.01,sin,7.165073001171647e-36,1
1,69163,adam,0.01,cos_add,3.633405311801022e-26,1
1,69163,adam,0.01,sin_add,3.747892243631586e-26,1
1,69163,adam,0.01,cos_sub,5.979471680097093e-26,1
1,69163,adam,0.01,sin_sub,5.917711265656527e-26,1
1,69163,adam,0.1,add,1.9672536880111612e-25,1
1,69163,adam,0.1,subtract,2.8947057621266994e-25,1
1,69163,adam,0.1,multiply,5.909138035899938e-16,1
1,69163,adam,0.1,divide,1.6541427129624132e-28,1
1,69163,adam,0.1,identity,8.704327013262799e-24,1
1,69163,adam,0.1,reciprocal,2.472712626221717e-34,1
1,69163,adam,0.1,cos,5.9252585382082405e-36,1
1,69163,adam,0.1,sin,7.165073001171647e-36,1
1,69163,adam,0.1,cos_add,3.633405311801022e-26,1
1,69163,adam,0.1,sin_add,3.747892243631586e-26,1
1,69163,adam,0.1,cos_sub,5.979471680097093e-26,1
1,69163,adam,0.1,sin_sub,5.917711265656527e-26,1
1,69163,adam,1.0,add,33364137.513354775,100
1,69163,adam,1.0,subtract,2.8947057621266994e-25,100
1,69163,adam,1.0,multiply,5.909138035899938e-16,100
1,69163,adam,1.0,divide,696.6590932481769,100
1,69163,adam,1.0,identity,8.704327013262799e-24,100
1,69163,adam,1.0,reciprocal,2.472712626221717e-34,100
1,69163,adam,1.0,cos,5.9252585382082405e-36,100
1,69163,adam,1.0,sin,0.04323920507676433,100
1,69163,adam,1.0,cos_add,3.633405311801022e-26,100
1,69163,adam,1.0,sin_add,3.747892243631586e-26,100
1,69163,adam,1.0,cos_sub,5.979471680097093e-26,100
1,69163,adam,1.0,sin_sub,5.917711265656527e-26,100
1,69163,adam,3.0,add,66443868.18074574,100
1,69163,adam,3.0,subtract,55564426.27038616,100
1,69163,adam,3.0,multiply,5.909138035899938e-16,100
1,69163,adam,3.0,divide,697.7042251863788,100
1,69163,adam,3.0,identity,8.704327013262799e-24,100
1,69163,adam,3.0,reciprocal,2.472712626221717e-34,100
1,69163,adam,3.0,cos,5.9252585382082405e-36,100
1,69163,adam,3.0,sin,0.043238447164859986,100
1,69163,adam,3.0,cos_add,3.633405311801022e-26,100
1,69163,adam,3.0,sin_add,3.747892243631586e-26,100
1,69163,adam,3.0,cos_sub,5.979471680097093e-26,100
1,69163,adam,3.0,sin_sub,5.917711265656527e-26,100
3,59588,adam,0.0,add,1.98950682519297e-25,1
3,59588,adam,0.0,subtract,2.864295672722127e-25,1
3,59588,adam,0.0,multiply,5.860668751472621e-16,1
3,59588,adam,0.0,divide,1.5268653449716918e-28,1
3,59588,adam,0.0,identity,8.648696417931725e-24,1
3,59588,adam,0.0,reciprocal,1.6265626973214346e-35,1
3,59588,adam,0.0,cos,7.369691302819282e-36,1
3,59588,adam,0.0,sin,8.143072546112281e-36,1
3,59588,adam,0.0,cos_add,3.7837668126036127e-26,1
3,59588,adam,0.0,sin_add,3.728057632117159e-26,1
3,59588,adam,0.0,cos_sub,5.904326870484065e-26,1
3,59588,adam,0.0,sin_sub,5.864896729483093e-26,1
3,59588,adam,0.01,add,1.98950682519297e-25,1
3,59588,adam,0.01,subtract,2.864295672722127e-25,1
3,59588,adam,0.01,multiply,5.860668751472621e-16,1
3,59588,adam,0.01,divide,1.5268653449716918e-28,1
3,59588,adam,0.01,identity,8.648696417931725e-24,1
3,59588,adam,0.01,reciprocal,1.6265626973214346e-35,1
3,59588,adam,0.01,cos,7.369691302819282e-36,1
3,59588,adam,0.01,sin,8.143072546112281e-36,1
3,59588,adam,0.01,cos_add,3.7837668126036127e-26,1
3,59588,adam,0.01,sin_add,3.728057632117159e-26,1
3,59588,adam,0.01,cos_sub,5.904326870484065e-26,1
3,59588,adam,0.01,sin_sub,5.864896729483093e-26,1
3,59588,adam,0.1,add,1.98950682519297e-25,1
3,59588,adam,0.1,subtract,2.864295672722127e-25,1
3,59588,adam,0.1,multiply,5.860668751472621e-16,1
3,59588,adam,0.1,divide,1.5268653449716918e-28,1
3,59588,adam,0.1,identity,8.648696417931725e-24,1
3,59588,adam,0.1,reciprocal,1.6265626973214346e-35,1
3,59588,adam,0.1,cos,7.369691302819282e-36,1
3,59588,adam,0.1,sin,8.143072546112281e-36,1
3,59588,adam,0.1,cos_add,3.7837668126036127e-26,1
3,59588,adam,0.1,sin_add,3.728057632117159e-26,1
3,59588,adam,0.1,cos_sub,5.904326870484065e-26,1
3,59588,adam,0.1,sin_sub,5.864896729483093e-26,1
3,59588,adam,1.0,add,1.98950682519297e-25,100
3,59588,adam,1.0,subtract,2.864295672722127e-25,100
3,59588,adam,1.0,multiply,5.860668751472621e-16,100
3,59588,adam,1.0,divide,570.157027432095,100
3,59588,adam,1.0,identity,8.648696417931725e-24,100
3,59588,adam,1.0,reciprocal,1.000885545694865,100
3,59588,adam,1.0,cos,7.369691302819282e-36,100
3,59588,adam,1.0,sin,8.143072546112281e-36,100
3,59588,adam,1.0,cos_add,0.7508562170651087,100
3,59588,adam,1.0,sin_add,3.728057632117159e-26,100
3,59588,adam,1.0,cos_sub,5.904326870484065e-26,100
3,59588,adam,1.0,sin_sub,0.7523279187713446,100
3,59588,adam,3.0,add,1.98950682519297e-25,100
3,59588,adam,3.0,subtract,2.864295672722127e-25,100
3,59588,adam,3.0,multiply,5.860668751472621e-16,100
3,59588,adam,3.0,divide,570.157027432095,100
3,59588,adam,3.0,identity,8.648696417931725e-24,100
3,59588,adam,3.0,reciprocal,1.000885545694865,100
3,59588,adam,3.0,cos,7.369691302819282e-36,100
3,59588,adam,3.0,sin,8.143072546112281e-36,100
3,59588,adam,3.0,cos_add,0.7508562170651087,100
3,59588,adam,3.0,sin_add,3.728057632117159e-26,100
3,59588,adam,3.0,cos_sub,5.904326870484065e-26,100
3,59588,adam,3.0,sin_sub,0.7523279187713446,100
9,23890,adam,0.0,add,2.0077343467032964e-25,1
9,23890,adam,0.0,subtract,2.883977916492558e-25,1
9,23890,adam,0.0,multiply,5.941623159816346e-16,1
9,23890,adam,0.0,divide,1.6994066616188718e-28,1
9,23890,adam,0.0,identity,8.681604152878124e-24,1
9,23890,adam,0.0,reciprocal,7.352056063615441e-37,1
9,23890,adam,0.0,cos,6.744140229085693e-36,1
9,23890,adam,0.0,sin,6.545340624474629e-36,1
9,23890,adam,0.0,cos_add,3.675377618535098e-26,1
9,23890,adam,0.0,sin_add,3.690417298647975e-26,1
9,23890,adam,0.0,cos_sub,5.836497602602629e-26,1
9,23890,adam,0.0,sin_sub,5.975373806185483e-26,1
9,23890,adam,0.01,add,2.0077343467032964e-25,1
9,23890,adam,0.01,subtract,2.883977916492558e-25,1
9,23890,adam,0.01,multiply,5.941623159816346e-16,1
9,23890,adam,0.01,divide,1.6994066616188718e-28,1
9,23890,adam,0.01,identity,8.681604152878124e-24,1
9,23890,adam,0.01,reciprocal,7.352056063615441e-37,1
9,23890,adam,0.01,cos,6.744140229085693e-36,1
9,23890,adam,0.01,sin,6.545340624474629e-36,1
9,23890,adam,0.01,cos_add,3.675377618535098e-26,1
9,23890,adam,0.01,sin_add,3.690417298647975e-26,1
9,23890,adam,0.01,cos_sub,5.836497602602629e-26,1
9,23890,adam,0.01,sin_sub,5.975373806185483e-26,1
9,23890,adam,0.1,add,2.0077343467032964e-25,1
9,23890,adam,0.1,subtract,2.883977916492558e-25,1
9,23890,adam,0.1,multiply,5.941623159816346e-16,1
9,23890,adam,0.1,divide,1.6994066616188718e-28,1
9,23890,adam,0.1,identity,8.681604152878124e-24,1
9,23890,adam,0.1,reciprocal,7.352056063615441e-37,1
9,23890,adam,0.1,cos,6.744140229085693e-36,1
9,23890,adam,0.1,sin,6.545340624474629e-36,1
9,23890,adam,0.1,cos_add,3.675377618535098e-26,1
9,23890,adam,0.1,sin_add,3.690417298647975e-26,1
9,23890,adam,0.1,cos_sub,5.836497602602629e-26,1
9,23890,adam,0.1,sin_sub,5.975373806185483e-26,1
9,23890,adam,1.0,add,2.0077343467032964e-25,1
9,23890,adam,1.0,subtract,2.883977916492558e-25,1
9,23890,adam,1.0,multiply,5.941623159816346e-16,1
9,23890,adam,1.0,divide,1.6994066616188718e-28,1
9,23890,adam,1.0,identity,8.681604152878124e-24,1
9,23890,adam,1.0,reciprocal,7.352056063615441e-37,1
9,23890,adam,1.0,cos,6.744140229085693e-36,1
9,23890,adam,1.0,sin,6.545340624474629e-36,1
9,23890,adam,1.0,cos_add,3.675377618535098e-26,1
9,23890,adam,1.0,sin_add,3.690417298647975e-26,1
9,23890,adam,1.0,cos_sub,5.836497602602629e-26,1
9,23890,adam,1.0,sin_sub,5.975373806185483e-26,1
9,23890,adam,3.0,add,2.0077343467032964e-25,100
9,23890,adam,3.0,subtract,2.883977916492558e-25,100
9,23890,adam,3.0,multiply,5.941623159816346e-16,100
9,23890,adam,3.0,divide,1.6994066616188718e-28,100
9,23890,adam,3.0,identity,33178296.420481257,100
9,23890,adam,3.0,reciprocal,7.352056063615441e-37,100
9,23890,adam,3.0,cos,0.24974496177414296,100
9,23890,adam,3.0,sin,6.545340624474629e-36,100
9,23890,adam,3.0,cos_add,3.675377618535098e-26,100
9,23890,adam,3.0,sin_add,3.690417298647975e-26,100
9,23890,adam,3.0,cos_sub,5.836497602602629e-26,100
9,23890,adam,3.0,sin_sub,5.975373806185483e-26,100
2,20339,adam,0.0,add,2.0125113368999332e-25,1
2,20339,adam,0.0,subtract,2.8717334461983333e-25,1
2,20339,adam,0.0,multiply,5.823232446185883e-16,1
2,20339,adam,0.0,divide,1.8357609946212569e-28,1
2,20339,adam,0.0,identity,8.586922713608749e-24,1
2,20339,adam,0.0,reciprocal,1.2252468708444931e-36,1
2,20339,adam,0.0,cos,8.251406105484064e-36,1
2,20339,adam,0.0,sin,7.955181529076847e-36,1
2,20339,adam,0.0,cos_add,3.744752948488966e-26,1
2,20339,adam,0.0,sin_add,3.820079910629194e-26,1
2,20339,adam,0.0,cos_sub,5.837328340776824e-26,1
2,20339,adam,0.0,sin_sub,5.850471451391163e-26,1
2,20339,adam,0.01,add,2.0125113368999332e-25,1
2,20339,adam,0.01,subtract,2.8717334461983333e-25,1
2,20339,adam,0.01,multiply,5.823232446185883e-16,1
2,20339,adam,0.01,divide,1.8357609946212569e-28,1
2,20339,adam,0.01,identity,8.586922713608749e-24,1
2,20339,adam,0.01,reciprocal,1.2252468708444931e-36,1
2,20339,adam,0.01,cos,8.251406105484064e-36,1
2,20339,adam,0.01,sin,7.955181529076847e-36,1
2,20339,adam,0.01,cos_add,3.744752948488966e-26,1
2,20339,adam,0.01,sin_add,3.820079910629194e-26,1
2,20339,adam,0.01,cos_sub,5.837328340776824e-26,1
2,20339,adam,0.01,sin_sub,5.850471451391163e-26,1
2,20339,adam,0.1,add,2.0125113368999332e-25,1
2,20339,adam,0.1,subtract,2.8717334461983333e-25,1
2,20339,adam,0.1,multiply,5.823232446185883e-16,1
2,20339,adam,0.1,divide,1.8357609946212569e-28,1
2,20339,adam,0.1,identity,8.586922713608749e-24,1
2,20339,adam,0.1,reciprocal,1.2252468708444931e-36,1
2,20339,adam,0.1,cos,8.251406105484064e-36,1
2,20339,adam,0.1,sin,7.955181529076847e-36,1
2,20339,adam,0.1,cos_add,3.744752948488966e-26,1
2,20339,adam,0.1,sin_add,3.820079910629194e-26,1
2,20339,adam,0.1,cos_sub,5.837328340776824e-26,1
2,20339,adam,0.1,sin_sub,5.850471451391163e-26,1
2,20339,adam,1.0,add,2.0125113368999332e-25,100
2,20339,adam,1.0,subtract,2.8717334461983333e-25,100
2,20339,adam,1.0,multiply,5.823232446185883e-16,100
2,20339,adam,1.0,divide,629.6001620565987,100
2,20339,adam,1.0,identity,8.586922713608749e-24,100
2,20339,adam,1.0,reciprocal,1.2252468708444931e-36,100
2,20339,adam,1.0,cos,8.251406105484064e-36,100
2,20339,adam,1.0,sin,7.955181529076847e-36,100
2,20339,adam,1.0,cos_add,3.744752948488966e-26,100
2,20339,adam,1.0,sin_add,3.820079910629194e-26,100
2,20339,adam,1.0,cos_sub,0.7592422516386709,100
2,20339,adam,1.0,sin_sub,0.7464771506031369,100
2,20339,adam,3.0,add,33208813.39349041,100
2,20339,adam,3.0,subtract,50686493.73760834,100
2,20339,adam,3.0,multiply,5.823232446185883e-16,100
2,20339,adam,3.0,divide,629.6001620565987,100
2,20339,adam,3.0,identity,8.586922713608749e-24,100
2,20339,adam,3.0,reciprocal,1.0005615900453062,100
2,20339,adam,3.0,cos,8.251406105484064e-36,100
2,20339,adam,3.0,sin,7.955181529076847e-36,100
2,20339,adam,3.0,cos_add,0.7526441032329304,100
2,20339,adam,3.0,sin_add,3.820079910629194e-26,100
2,20339,adam,3.0,cos_sub,0.7592422516386709,100
2,20339,adam,3.0,sin_sub,0.9928562609208215,100
8,3422,adam,0.0,add,2.043538537460787e-25,1
8,3422,adam,0.0,subtract,2.9378218877352318e-25,1
8,3422,adam,0.0,multiply,5.912811279559254e-16,1
8,3422,adam,0.0,divide,1.339703605962395e-28,1
8,3422,adam,0.0,identity,8.678116884211227e-24,1
8,3422,adam,0.0,reciprocal,5.195345267997319e-37,1
8,3422,adam,0.0,cos,6.632421245983544e-36,1
8,3422,adam,0.0,sin,8.901407461714756e-36,1
8,3422,adam,0.0,cos_add,3.7872493592692455e-26,1
8,3422,adam,0.0,sin_add,3.683245656752145e-26,1
8,3422,adam,0.0,cos_sub,5.826804508807385e-26,1
8,3422,adam,0.0,sin_sub,5.983778657085829e-26,1
8,3422,adam,0.01,add,2.043538537460787e-25,1
8,3422,adam,0.01,subtract,2.9378218877352318e-25,1
8,3422,adam,0.01,multiply,5.912811279559254e-16,1
8,3422,adam,0.01,divide,1.339703605962395e-28,1
8,3422,adam,0.01,identity,8.678116884211227e-24,1
8,3422,adam,0.01,reciprocal,5.195345267997319e-37,1
8,3422,adam,0.01,cos,6.632421245983544e-36,1
8,3422,adam,0.01,sin,8.901407461714756e-36,1
8,3422,adam,0.01,cos_add,3.7872493592692455e-26,1
8,3422,adam,0.01,sin_add,3.683245656752145e-26,1
8,3422,adam,0.01,cos_sub,5.826804508807385e-26,1
8,3422,adam,0.01,sin_sub,5.983778657085829e-26,1
8,3422,adam,0.1,add,2.043538537460787e-25,1
8,3422,adam,0.1,subtract,2.9378218877352318e-25,1
8,3422,adam,0.1,multiply,5.912811279559254e-16,1
8,3422,adam,0.1,divide,1.339703605962395e-28,1
8,3422,adam,0.1,identity,8.678116884211227e-24,1
8,3422,adam,0.1,reciprocal,5.195345267997319e-37,1
8,3422,adam,0.1,cos,6.632421245983544e-36,1
8,3422,adam,0.1,sin,8.901407461714756e-36,1
8,3422,adam,0.1,cos_add,3.7872493592692455e-26,1
8,3422,adam,0.1,sin_add,3.683245656752145e-26,1
8,3422,adam,0.1,cos_sub,5.826804508807385e-26,1
8,3422,adam,0.1,sin_sub,5.983778657085829e-26,1
8,3422,adam,1.0,add,33524281.588732887,100
8,3422,adam,1.0,subtract,50963687.01100506,100
8,3422,adam,1.0,multiply,5.912811279559254e-16,100
8,3422,adam,1.0,divide,1.339703605962395e-28,100
8,3422,adam,1.0,identity,8.678116884211227e-24,100
8,3422,adam,1.0,reciprocal,5.195345267997319e-37,100
8,3422,adam,1.0,cos,6.632421245983544e-36,100
8,3422,adam,1.0,sin,8.901407461714756e-36,100
8,3422,adam,1.0,cos_add,3.7872493592692455e-26,100
8,3422,adam,1.0,sin_add,3.683245656752145e-26,100
8,3422,adam,1.0,cos_sub,0.7574129219526732,100
8,3422,adam,1.0,sin_sub,5.983778657085829e-26,100
8,3422,adam,3.0,add,33524281.588732887,100
8,3422,adam,3.0,subtract,67173621.54998785,100
8,3422,adam,3.0,multiply,1126006814198049.2,100
8,3422,adam,3.0,divide,591.4315742006468,100
8,3422,adam,3.0,identity,8.678116884211227e-24,100
8,3422,adam,3.0,reciprocal,5.195345267997319e-37,100
8,3422,adam,3.0,cos,6.632421245983544e-36,100
8,3422,adam,3.0,sin,8.901407461714756e-36,100
8,3422,adam,3.0,cos_add,3.7872493592692455e-26,100
8,3422,adam,3.0,sin_add,3.683245656752145e-26,100
8,3422,adam,3.0,cos_sub,0.7574129219526732,100
8,3422,adam,3.0,sin_sub,5.983778657085829e-26,100
0,9002,adam,0.0,add,2.0148057514000726e-25,1
0,9002,adam,0.0,subtract,2.7794215548469156e-25,1
0,9002,adam,0.0,multiply,5.859324290594595e-16,1
0,9002,adam,0.0,divide,2.1690946500539564e-28,1
0,9002,adam,0.0,identity,8.743745562288038e-24,1
0,9002,adam,0.0,reciprocal,4.996202623656778e-35,1
0,9002,adam,0.0,cos,6.475939438002081e-36,1
0,9002,adam,0.0,sin,8.383825544104194e-36,1
0,9002,adam,0.0,cos_add,3.8377040239741984e-26,1
0,9002,adam,0.0,sin_add,3.7801155683344965e-26,1
0,9002,adam,0.0,cos_sub,5.606887840915513e-26,1
0,9002,adam,0.0,sin_sub,5.826311321908708e-26,1
0,9002,adam,0.01,add,2.0148057514000726e-25,1
0,9002,adam,0.01,subtract,2.7794215548469156e-25,1
0,9002,adam,0.01,multiply,5.859324290594595e-16,1
0,9002,adam,0.01,divide,2.1690946500539564e-28,1
0,9002,adam,0.01,identity,8.743745562288038e-24,1
0,9002,adam,0.01,reciprocal,4.996202623656778e-35,1
0,9002,adam,0.01,cos,6.475939438002081e-36,1
0,9002,adam,0.01,sin,8.383825544104194e-36,1
0,9002,adam,0.01,cos_add,3.8377040239741984e-26,1
0,9002,adam,0.01,sin_add,3.7801155683344965e-26,1
0,9002,adam,0.01,cos_sub,5.606887840915513e-26,1
0,9002,adam,0.01,sin_sub,5.826311321908708e-26,1
0,9002,adam,0.1,add,2.0148057514000726e-25,1
0,9002,adam,0.1,subtract,2.7794215548469156e-25,1
0,9002,adam,0.1,multiply,5.859324290594595e-16,1
0,9002,adam,0.1,divide,2.1690946500539564e-28,1
0,9002,adam,0.1,identity,8.743745562288038e-24,1
0,9002,adam,0.1,reciprocal,4.996202623656778e-35,1
0,9002,adam,0.1,cos,6.475939438002081e-36,1
0,9002,adam,0.1,sin,8.383825544104194e-36,1
0,9002,adam,0.1,cos_add,3.8377040239741984e-26,1
0,9002,adam,0.1,sin_add,3.7801155683344965e-26,1
0,9002,adam,0.1,cos_sub,5.606887840915513e-26,1
0,9002,adam,0.1,sin_sub,5.826311321908708e-26,1
0,9002,adam,1.0,add,2.0148057514000726e-25,100
0,9002,adam,1.0,subtract,52816996.38699803,100
0,9002,adam,1.0,multiply,5.859324290594595e-16,100
0,9002,adam,1.0,divide,2.1690946500539564e-28,100
0,9002,adam,1.0,identity,8.743745562288038e-24,100
0,9002,adam,1.0,reciprocal,1.020781589548449,100
0,9002,adam,1.0,cos,6.475939438002081e-36,100
0,9002,adam,1.0,sin,8.383825544104194e-36,100
0,9002,adam,1.0,cos_add,3.8377040239741984e-26,100
0,9002,adam,1.0,sin_add,3.7801155683344965e-26,100
0,9002,adam,1.0,cos_sub,5.606887840915513e-26,100
0,9002,adam,1.0,sin_sub,0.9907681622628786,100
0,9002,adam,3.0,add,2.0148057514000726e-25,100
0,9002,adam,3.0,subtract,52816996.38699803,100
0,9002,adam,3.0,multiply,1112187326547407.0,100
0,9002,adam,3.0,divide,2.1690946500539564e-28,100
0,9002,adam,3.0,identity,8.743745562288038e-24,100
0,9002,adam,3.0,reciprocal,1.020781589548449,100
0,9002,adam,3.0,cos,6.475939438002081e-36,100
0,9002,adam,3.0,sin,8.383825544104194e-36,100
0,9002,adam,3.0,cos_add,0.7590790528877966,100
0,9002,adam,3.0,sin_add,3.7801155683344965e-26,100
0,9002,adam,3.0,cos_sub,0.9986125948119101,100
0,9002,adam,3.0,sin_sub,0.9907681622628786,100
4,69526,adam,0.0,add,2.0595536764533337e-25,1
4,69526,adam,0.0,subtract,2.9197572413998066e-25,1
4,69526,adam,0.0,multiply,5.993577780261839e-16,1
4,69526,adam,0.0,divide,1.8385175016409712e-28,1
4,69526,adam,0.0,identity,8.724239849253634e-24,1
4,69526,adam,0.0,reciprocal,8.370251878950622e-37,1
4,69526,adam,0.0,cos,6.853602263034265e-36,1
4,69526,adam,0.0,sin,9.319707126454866e-36,1
4,69526,adam,0.0,cos_add,3.852704137057183e-26,1
4,69526,adam,0.0,sin_add,3.81037421632275e-26,1
4,69526,adam,0.0,cos_sub,5.96734338556193e-26,1
4,69526,adam,0.0,sin_sub,5.816108573971233e-26,1
4,69526,adam,0.01,add,2.0595536764533337e-25,1
4,69526,adam,0.01,subtract,2.9197572413998066e-25,1
4,69526,adam,0.01,multiply,5.993577780261839e-16,1
4,69526,adam,0.01,divide,1.8385175016409712e-28,1
4,69526,adam,0.01,identity,8.724239849253634e-24,1
4,69526,adam,0.01,reciprocal,8.370251878950622e-37,1
4,69526,adam,0.01,cos,6.853602263034265e-36,1
4,69526,adam,0.01,sin,9.319707126454866e-36,1
4,69526,adam,0.01,cos_add,3.852704137057183e-26,1
4,69526,adam,0.01,sin_add,3.81037421632275e-26,1
4,69526,adam,0.01,cos_sub,5.96734338556193e-26,1
4,69526,adam,0.01,sin_sub,5.816108573971233e-26,1
4,69526,adam,0.1,add,2.0595536764533337e-25,1
4,69526,adam,0.1,subtract,2.9197572413998066e-25,1
4,69526,adam,0.1,multiply,5.993577780261839e-16,1
4,69526,adam,0.1,divide,1.8385175016409712e-28,1
4,69526,adam,0.1,identity,8.724239849253634e-24,1
4,69526,adam,0.1,reciprocal,8.370251878950622e-37,1
4,69526,adam,0.1,cos,6.853602263034265e-36,1
4,69526,adam,0.1,sin,9.319707126454866e-36,1
4,69526,adam,0.1,cos_add,3.852704137057183e-26,1
4,69526,adam,0.1,sin_add,3.81037421632275e-26,1
4,69526,adam,0.1,cos_sub,5.96734338556193e-26,1
4,69526,adam,0.1,sin_sub,5.816108573971233e-26,1
4,69526,adam,1.0,add,2.0595536764533337e-25,100
4,69526,adam,1.0,subtract,2.9197572413998066e-25,100
4,69526,adam,1.0,multiply,5.993577780261839e-16,100
4,69526,adam,1.0,divide,1.8385175016409712e-28,100
4,69526,adam,1.0,identity,8.724239849253634e-24,100
4,69526,adam,1.0,reciprocal,1.0000304687578891,100
4,69526,adam,1.0,cos,6.853602263034265e-36,100
4,69526,adam,1.0,sin,9.950580266623994e-05,100
4,69526,adam,1.0,cos_add,0.7456817362278162,100
4,69526,adam,1.0,sin_add,3.81037421632275e-26,100
4,69526,adam,1.0,cos_sub,5.96734338556193e-26,100
4,69526,adam,1.0,sin_sub,5.816108573971233e-26,100
4,69526,adam,3.0,add,2.0595536764533337e-25,100
4,69526,adam,3.0,subtract,2.9197572413998066e-25,100
4,69526,adam,3.0,multiply,1116576787561291.8,100
4,69526,adam,3.0,divide,663.3809396660868,100
4,69526,adam,3.0,identity,8.724239849253634e-24,100
4,69526,adam,3.0,reciprocal,1.0000304687578891,100
4,69526,adam,3.0,cos,6.853602263034265e-36,100
4,69526,adam,3.0,sin,0.043067834949930835,100
4,69526,adam,3.0,cos_add,0.7456817362278162,100
4,69526,adam,3.0,sin_add,3.81037421632275e-26,100
4,69526,adam,3.0,cos_sub,5.96734338556193e-26,100
4,69526,adam,3.0,sin_sub,5.816108573971233e-26,100
6,2826,adam,0.0,add,2.0161373747435042e-25,1
6,2826,adam,0.0,subtract,2.90622629814265e-25,1
6,2826,adam,0.0,multiply,5.942678261201255e-16,1
6,2826,adam,0.0,divide,1.620280403793291e-28,1
6,2826,adam,0.0,identity,8.670795924367123e-24,1
6,2826,adam,0.0,reciprocal,7.658066343507328e-37,1
6,2826,adam,0.0,cos,6.542193238350302e-36,1
6,2826,adam,0.0,sin,9.081966332736936e-36,1
6,2826,adam,0.0,cos_add,3.7370893086976647e-26,1
6,2826,adam,0.0,sin_add,3.7928445147555205e-26,1
6,2826,adam,0.0,cos_sub,5.919686321521592e-26,1
6,2826,adam,0.0,sin_sub,5.938733140800717e-26,1
6,2826,adam,0.01,add,2.0161373747435042e-25,1
6,2826,adam,0.01,subtract,2.90622629814265e-25,1
6,2826,adam,0.01,multiply,5.942678261201255e-16,1
6,2826,adam,0.01,divide,1.620280403793291e-28,1
6,2826,adam,0.01,identity,8.670795924367123e-24,1
6,2826,adam,0.01,reciprocal,7.658066343507328e-37,1
6,2826,adam,0.01,cos,6.542193238350302e-36,1
6,2826,adam,0.01,sin,9.081966332736936e-36,1
6,2826,adam,0.01,cos_add,3.7370893086976647e-26,1
6,2826,adam,0.01,sin_add,3.7928445147555205e-26,1
6,2826,adam,0.01,cos_sub,5.919686321521592e-26,1
6,2826,adam,0.01,sin_sub,5.938733140800717e-26,1
6,2826,adam,0.1,add,2.0161373747435042e-25,1
6,2826,adam,0.1,subtract,2.90622629814265e-25,1
6,2826,adam,0.1,multiply,5.942678261201255e-16,1
6,2826,adam,0.1,divide,1.620280403793291e-28,1
6,2826,adam,0.1,identity,8.670795924367123e-24,1
6,2826,adam,0.1,reciprocal,7.658066343507328e-37,1
6,2826,adam,0.1,cos,6.542193238350302e-36,1
6,2826,adam,0.1,sin,9.081966332736936e-36,1
6,2826,adam,0.1,cos_add,3.7370893086976647e-26,1
6,2826,adam,0.1,sin_add,3.7928445147555205e-26,1
6,2826,adam,0.1,cos_sub,5.919686321521592e-26,1
6,2826,adam,0.1,sin_sub,5.938733140800717e-26,1
6,2826,adam,1.0,add,2.0161373747435042e-25,1
6,2826,adam,1.0,subtract,2.90622629814265e-25,1
6,2826,adam,1.0,multiply,5.942678261201255e-16,1
6,2826,adam,1.0,divide,1.620280403793291e-28,1
6,2826,adam,1.0,identity,8.670795924367123e-24,1
6,2826,adam,1.0,reciprocal,7.658066343507328e-37,1
6,2826,adam,1.0,cos,6.542193238350302e-36,1
6,2826,adam,1.0,sin,9.081966332736936e-36,1
6,2826,adam,1.0,cos_add,3.7370893086976647e-26,1
6,2826,adam,1.0,sin_add,3.7928445147555205e-26,1
6,2826,adam,1.0,cos_sub,5.919686321521592e-26,1
6,2826,adam,1.0,sin_sub,5.938733140800717e-26,1
6,2826,adam,3.0,add,33488292.682982557,100
6,2826,adam,3.0,subtract,52036925.05908243,100
6,2826,adam,3.0,multiply,5.942678261201255e-16,100
6,2826,adam,3.0,divide,1.620280403793291e-28,100
6,2826,adam,3.0,identity,33361348.342953634,100
6,2826,adam,3.0,reciprocal,7.658066343507328e-37,100
6,2826,adam,3.0,cos,0.2505304058252323,100
6,2826,adam,3.0,sin,9.081966332736936e-36,100
6,2826,adam,3.0,cos_add,3.7370893086976647e-26,100
6,2826,adam,3.0,sin_add,3.7928445147555205e-26,100
6,2826,adam,3.0,cos_sub,5.919686321521592e-26,100
6,2826,adam,3.0,sin_sub,0.7567990149007983,100
5,78387,adam,0.0,add,2.0546001379768726e-25,1
5,78387,adam,0.0,subtract,2.8871322307865505e-25,1
5,78387,adam,0.0,multiply,5.768947281734135e-16,1
5,78387,adam,0.0,divide,1.3372989399134997e-28,1
5,78387,adam,0.0,identity,8.643184678064e-24,1
5,78387,adam,0.0,reciprocal,7.413095300998849e-37,1
5,78387,adam,0.0,cos,6.080268039515298e-36,1
5,78387,adam,0.0,sin,6.081737407453826e-36,1
5,78387,adam,0.0,cos_add,3.7578271484793356e-26,1
5,78387,adam,0.0,sin_add,3.80312965633562e-26,1
5,78387,adam,0.0,cos_sub,5.97649423399104e-26,1
5,78387,adam,0.0,sin_sub,5.911643377689216e-26,1
5,78387,adam,0.01,add,2.0546001379768726e-25,1
5,78387,adam,0.01,subtract,2.8871322307865505e-25,1
5,78387,adam,0.01,multiply,5.768947281734135e-16,1
5,78387,adam,0.01,divide,1.3372989399134997e-28,1
5,78387,adam,0.01,identity,8.643184678064e-24,1
5,78387,adam,0.01,reciprocal,7.413095300998849e-37,1
5,78387,adam,0.01,cos,6.080268039515298e-36,1
5,78387,adam,0.01,sin,6.081737407453826e-36,1
5,78387,adam,0.01,cos_add,3.7578271484793356e-26,1
5,78387,adam,0.01,sin_add,3.80312965633562e-26,1
5,78387,adam,0.01,cos_sub,5.97649423399104e-26,1
5,78387,adam,0.01,sin_sub,5.911643377689216e-26,1
5,78387,adam,0.1,add,2.0546001379768726e-25,1
5,78387,adam,0.1,subtract,2.8871322307865505e-25,1
5,78387,adam,0.1,multiply,5.768947281734135e-16,1
5,78387,adam,0.1,divide,1.3372989399134997e-28,1
5,78387,adam,0.1,identity,8.643184678064e-24,1
5,78387,adam,0.1,reciprocal,7.413095300998849e-37,1
5,78387,adam,0.1,cos,6.080268039515298e-36,1
5,78387,adam,0.1,sin,6.081737407453826e-36,1
5,78387,adam,0.1,cos_add,3.7578271484793356e-26,1
5,78387,adam,0.1,sin_add,3.80312965633562e-26,1
5,78387,adam,0.1,cos_sub,5.97649423399104e-26,1
5,78387,adam,0.1,sin_sub,5.911643377689216e-26,1
5,78387,adam,1.0,add,2.0546001379768726e-25,100
5,78387,adam,1.0,subtract,2.8871322307865505e-25,100
5,78387,adam,1.0,multiply,5.768947281734135e-16,100
5,78387,adam,1.0,divide,572.4557252507477,100
5,78387,adam,1.0,identity,8.643184678064e-24,100
5,78387,adam,1.0,reciprocal,7.413095300998849e-37,100
5,78387,adam,1.0,cos,6.080268039515298e-36,100
5,78387,adam,1.0,sin,6.081737407453826e-36,100
5,78387,adam,1.0,cos_add,3.7578271484793356e-26,100
5,78387,adam,1.0,sin_add,3.80312965633562e-26,100
5,78387,adam,1.0,cos_sub,5.97649423399104e-26,100
5,78387,adam,1.0,sin_sub,5.911643377689216e-26,100
5,78387,adam,3.0,add,2.0546001379768726e-25,100
5,78387,adam,3.0,subtract,49942760.1235778,100
5,78387,adam,3.0,multiply,5.768947281734135e-16,100
5,78387,adam,3.0,divide,572.4557252507477,100
5,78387,adam,3.0,identity,8.643184678064e-24,100
5,78387,adam,3.0,reciprocal,7.413095300998849e-37,100
5,78387,adam,3.0,cos,6.080268039515298e-36,100
5,78387,adam,3.0,sin,1.0013694049924973,100
5,78387,adam,3.0,cos_add,3.7578271484793356e-26,100
5,78387,adam,3.0,sin_add,3.80312965633562e-26,100
5,78387,adam,3.0,cos_sub,0.7488850519493312,100
5,78387,adam,3.0,sin_sub,5.911643377689216e-26,100
